start_time,date,year,month,day_of_week,distance_km,duration_min,avg_speed_kmh,max_speed_kmh,total_ascent_m,total_descent_m,avg_heart_rate,max_heart_rate,total_calories
2022-12-26 15:27:31,2022-12-26,2022,12,Monday,0.11233,1.9940833333333332,3.3804,9.2052,0.0,3.0,,,1.0
2022-12-26 15:27:31,2022-12-26,2022,12,Monday,0.11233,1.9940833333333332,3.3804,9.2052,0.0,3.0,,,1.0
2023-03-31 20:11:00,2023-03-31,2023,3,Friday,8.25099,29.676333333333332,16.6824,33.49080000000001,23.0,22.0,,,224.0
2023-03-31 20:11:00,2023-03-31,2023,3,Friday,8.25099,29.676333333333332,16.6824,33.49080000000001,23.0,22.0,,,224.0
2023-04-08 14:09:34,2023-04-08,2023,4,Saturday,20.86405,95.00978333333335,13.176,53.172,529.0,538.0,,,886.0
2023-04-08 14:09:34,2023-04-08,2023,4,Saturday,20.86405,95.00978333333335,13.176,53.172,529.0,538.0,,,886.0
2023-04-09 13:44:51,2023-04-09,2023,4,Sunday,23.56602,141.93091666666666,9.9612,40.0392,576.0,575.0,,,936.0
2023-04-09 13:44:51,2023-04-09,2023,4,Sunday,23.56602,141.93091666666666,9.9612,40.0392,576.0,575.0,,,936.0
2023-04-16 14:09:50,2023-04-16,2023,4,Sunday,18.24549,164.64255,6.6492,30.131999999999998,665.0,412.0,,,812.0
2023-04-16 14:09:50,2023-04-16,2023,4,Sunday,18.24549,164.64255,6.6492,30.131999999999998,665.0,412.0,,,812.0
2023-04-22 09:29:15,2023-04-22,2023,4,Saturday,4.18684,30.42735,8.254800000000001,37.3176,134.0,45.0,,,202.0
2023-04-22 09:29:15,2023-04-22,2023,4,Saturday,4.18684,30.42735,8.254800000000001,37.3176,134.0,45.0,,,202.0
2023-04-22 10:05:10,2023-04-22,2023,4,Saturday,48.46015,353.9587,8.215200000000001,46.152,1031.0,1093.0,,,1837.0
2023-04-22 10:05:10,2023-04-22,2023,4,Saturday,48.46015,353.9587,8.215200000000001,46.152,1031.0,1093.0,,,1837.0
2023-04-27 16:42:48,2023-04-27,2023,4,Thursday,23.763720000000003,107.9858,13.2048,32.0112,68.0,62.0,,,529.0
2023-04-27 16:42:48,2023-04-27,2023,4,Thursday,23.763720000000003,107.9858,13.2048,32.0112,68.0,62.0,,,529.0
2023-04-29 16:27:17,2023-04-29,2023,4,Saturday,6.926229999999999,42.67786666666667,9.738000000000001,31.2048,195.0,129.0,,,280.0
2023-04-29 16:27:17,2023-04-29,2023,4,Saturday,6.926229999999999,42.67786666666667,9.738000000000001,31.2048,195.0,129.0,,,280.0
2023-04-30 07:51:19,2023-04-30,2023,4,Sunday,1.61266,8.873966666666666,10.9044,39.333600000000004,39.0,33.0,,,67.0
2023-04-30 07:51:19,2023-04-30,2023,4,Sunday,1.61266,8.873966666666666,10.9044,39.333600000000004,39.0,33.0,,,67.0
2023-04-30 08:50:52,2023-04-30,2023,4,Sunday,36.026089999999996,166.84703333333334,12.9564,48.708,1169.0,1166.0,,,1697.0
2023-04-30 08:50:52,2023-04-30,2023,4,Sunday,36.026089999999996,166.84703333333334,12.9564,48.708,1169.0,1166.0,,,1697.0
2023-05-03 07:48:42,2023-05-03,2023,5,Wednesday,37.49735,130.96529999999998,17.1792,36.5112,123.0,124.0,,,943.0
2023-05-03 07:48:42,2023-05-03,2023,5,Wednesday,37.49735,130.96529999999998,17.1792,36.5112,123.0,124.0,,,943.0
2023-05-03 17:18:54,2023-05-03,2023,5,Wednesday,10.32133,35.1173,17.636400000000002,29.7612,32.0,31.0,,,266.0
2023-05-03 17:18:54,2023-05-03,2023,5,Wednesday,10.32133,35.1173,17.636400000000002,29.7612,32.0,31.0,,,266.0
2023-05-05 14:33:29,2023-05-05,2023,5,Friday,34.74615,153.81498333333332,13.554,35.4384,130.0,124.0,,,880.0
2023-05-05 14:33:29,2023-05-05,2023,5,Friday,34.74615,153.81498333333332,13.554,35.4384,130.0,124.0,,,880.0
2023-05-14 13:15:02,2023-05-14,2023,5,Sunday,26.173689999999997,86.76613333333333,18.1008,35.9748,70.0,61.0,,,679.0
2023-05-14 13:15:02,2023-05-14,2023,5,Sunday,26.173689999999997,86.76613333333333,18.1008,35.9748,70.0,61.0,,,679.0
2023-05-18 14:04:47,2023-05-18,2023,5,Thursday,29.03551,121.91236666666667,14.2884,35.6724,100.0,100.0,,,723.0
2023-05-18 14:04:47,2023-05-18,2023,5,Thursday,29.03551,121.91236666666667,14.2884,35.6724,100.0,100.0,,,723.0
2023-05-20 09:23:27,2023-05-20,2023,5,Saturday,65.21937,401.9613166666667,9.7344,52.938,1301.0,1280.0,,,2443.0
2023-05-20 09:23:27,2023-05-20,2023,5,Saturday,65.21937,401.9613166666667,9.7344,52.938,1301.0,1280.0,,,2443.0
2023-05-27 08:56:24,2023-05-27,2023,5,Saturday,26.64998,123.67778333333334,12.927600000000002,32.5152,82.0,75.0,,,570.0
2023-05-27 08:56:24,2023-05-27,2023,5,Saturday,26.64998,123.67778333333334,12.927600000000002,32.5152,82.0,75.0,,,570.0
2023-05-27 19:06:57,2023-05-27,2023,5,Saturday,15.04898,66.29468333333334,13.6188,31.374,49.0,51.0,,,398.0
2023-05-27 19:06:57,2023-05-27,2023,5,Saturday,15.04898,66.29468333333334,13.6188,31.374,49.0,51.0,,,398.0
2023-05-31 15:26:27,2023-05-31,2023,5,Wednesday,31.02657,183.84763333333333,10.126800000000001,43.4988,881.0,873.0,,,1364.0
2023-05-31 15:26:27,2023-05-31,2023,5,Wednesday,31.02657,183.84763333333333,10.126800000000001,43.4988,881.0,873.0,,,1364.0
2023-06-01 16:36:19,2023-06-01,2023,6,Thursday,33.15517,145.71168333333333,13.6512,52.671600000000005,616.0,614.0,,,1209.0
2023-06-01 16:36:19,2023-06-01,2023,6,Thursday,33.15517,145.71168333333333,13.6512,52.671600000000005,616.0,614.0,,,1209.0
2023-06-04 16:53:35,2023-06-04,2023,6,Sunday,23.73604,86.88895000000001,16.3908,33.321600000000004,62.0,56.0,,,584.0
2023-06-04 16:53:35,2023-06-04,2023,6,Sunday,23.73604,86.88895000000001,16.3908,33.321600000000004,62.0,56.0,,,584.0
2023-06-18 13:11:25,2023-06-18,2023,6,Sunday,26.15892,94.51768333333332,16.606800000000003,30.096,69.0,56.0,,,661.0
2023-06-18 13:11:25,2023-06-18,2023,6,Sunday,26.15892,94.51768333333332,16.606800000000003,30.096,69.0,56.0,,,661.0
2023-06-20 15:36:14,2023-06-20,2023,6,Tuesday,21.66766,64.36229999999999,20.1996,42.9948,87.0,85.0,,,562.0
2023-06-20 15:36:14,2023-06-20,2023,6,Tuesday,21.66766,64.36229999999999,20.1996,42.9948,87.0,85.0,,,562.0
2023-07-15 10:24:07,2023-07-15,2023,7,Saturday,45.802620000000005,339.02358333333336,8.107199999999999,51.3252,1508.0,1497.0,,,2192.0
2023-07-15 10:24:07,2023-07-15,2023,7,Saturday,45.802620000000005,339.02358333333336,8.107199999999999,51.3252,1508.0,1497.0,,,2192.0
2023-08-10 14:16:49,2023-08-10,2023,8,Thursday,37.841860000000004,172.22775000000001,13.1832,43.902,877.0,888.0,,,1518.0
2023-08-10 14:16:49,2023-08-10,2023,8,Thursday,37.841860000000004,172.22775000000001,13.1832,43.902,877.0,888.0,,,1518.0
2023-08-12 06:38:36,2023-08-12,2023,8,Saturday,26.638360000000002,110.81285,14.425199999999998,42.0552,468.0,463.0,,,936.0
2023-08-12 06:38:36,2023-08-12,2023,8,Saturday,26.638360000000002,110.81285,14.425199999999998,42.0552,468.0,463.0,,,936.0
2023-08-16 10:06:07,2023-08-16,2023,8,Wednesday,126.52008000000001,521.3780666666667,14.558399999999999,49.8132,876.0,870.0,,,3861.0
2023-08-16 10:06:07,2023-08-16,2023,8,Wednesday,126.52008000000001,521.3780666666667,14.558399999999999,49.8132,876.0,870.0,,,3861.0
2023-08-17 09:42:37,2023-08-17,2023,8,Thursday,106.00731,379.14088333333336,16.776,56.599199999999996,971.0,1066.0,,,3645.0
2023-08-17 09:42:37,2023-08-17,2023,8,Thursday,106.00731,379.14088333333336,16.776,56.599199999999996,971.0,1066.0,,,3645.0
2023-08-18 11:18:34,2023-08-18,2023,8,Friday,85.58639,450.41929999999996,11.4012,50.8896,875.0,869.0,,,2752.0
2023-08-18 11:18:34,2023-08-18,2023,8,Friday,85.58639,450.41929999999996,11.4012,50.8896,875.0,869.0,,,2752.0
2023-08-19 10:12:40,2023-08-19,2023,8,Saturday,23.69883,112.31741666666667,12.6612,51.6276,332.0,334.0,,,841.0
2023-08-19 10:12:40,2023-08-19,2023,8,Saturday,23.69883,112.31741666666667,12.6612,51.6276,332.0,334.0,,,841.0
2023-08-21 15:05:12,2023-08-21,2023,8,Monday,6.291189999999999,188.48568333333333,2.0016000000000003,25.999200000000002,173.0,162.0,,,234.0
2023-08-21 15:05:12,2023-08-21,2023,8,Monday,6.291189999999999,188.48568333333333,2.0016000000000003,25.999200000000002,173.0,162.0,,,234.0
2023-09-06 13:55:39,2023-09-06,2023,9,Wednesday,48.77418,251.5695,11.6316,58.546800000000005,1160.0,1165.0,,,1959.0
2023-09-06 13:55:39,2023-09-06,2023,9,Wednesday,48.77418,251.5695,11.6316,58.546800000000005,1160.0,1165.0,,,1959.0
2023-09-17 10:53:49,2023-09-17,2023,9,Sunday,32.536880000000004,275.71891666666664,7.081200000000001,36.378,950.0,1017.0,,,1352.0
2023-09-17 10:53:49,2023-09-17,2023,9,Sunday,32.536880000000004,275.71891666666664,7.081200000000001,36.378,950.0,1017.0,,,1352.0
2023-09-22 14:15:48,2023-09-22,2023,9,Friday,15.635069999999999,58.55778333333333,16.02,56.534400000000005,384.0,382.0,,,687.0
2023-09-22 14:15:48,2023-09-22,2023,9,Friday,15.635069999999999,58.55778333333333,16.02,56.534400000000005,384.0,382.0,,,687.0
2023-09-28 14:21:22,2023-09-28,2023,9,Thursday,29.01414,163.62105000000003,10.638,45.0792,814.0,817.0,,,1278.0
2023-09-28 14:21:22,2023-09-28,2023,9,Thursday,29.01414,163.62105000000003,10.638,45.0792,814.0,817.0,,,1278.0
2023-09-29 12:24:26,2023-09-29,2023,9,Friday,11.10201,58.67048333333333,11.3544,36.446400000000004,373.0,370.0,,,500.0
2023-09-29 12:24:26,2023-09-29,2023,9,Friday,11.10201,58.67048333333333,11.3544,36.446400000000004,373.0,370.0,,,500.0
2023-09-30 11:57:11,2023-09-30,2023,9,Saturday,7.7558,61.25821666666666,7.596,35.3052,101.0,108.0,,,232.0
2023-09-30 11:57:11,2023-09-30,2023,9,Saturday,7.7558,61.25821666666666,7.596,35.3052,101.0,108.0,,,232.0
2023-09-30 12:58:55,2023-09-30,2023,9,Saturday,18.507330000000003,85.77868333333332,12.9456,40.14,713.0,712.0,,,932.0
2023-09-30 12:58:55,2023-09-30,2023,9,Saturday,18.507330000000003,85.77868333333332,12.9456,40.14,713.0,712.0,,,932.0
2023-09-30 14:26:12,2023-09-30,2023,9,Saturday,1.22794,11.226966666666668,6.5628,18.7452,29.0,19.0,,,44.0
2023-09-30 14:26:12,2023-09-30,2023,9,Saturday,1.22794,11.226966666666668,6.5628,18.7452,29.0,19.0,,,44.0
2023-10-02 15:39:19,2023-10-02,2023,10,Monday,24.38601,68.36148333333334,21.402,35.74080000000001,80.0,88.0,,,658.0
2023-10-02 15:39:19,2023-10-02,2023,10,Monday,24.38601,68.36148333333334,21.402,35.74080000000001,80.0,88.0,,,658.0
2023-10-04 15:33:59,2023-10-04,2023,10,Wednesday,26.64195,82.01465,19.4904,34.128,88.0,88.0,,,700.0
2023-10-04 15:33:59,2023-10-04,2023,10,Wednesday,26.64195,82.01465,19.4904,34.128,88.0,88.0,,,700.0
2023-11-05 09:26:57,2023-11-05,2023,11,Sunday,26.48847,122.60638333333333,12.9636,45.986399999999996,534.0,555.0,,,974.0
2023-11-05 09:26:57,2023-11-05,2023,11,Sunday,26.48847,122.60638333333333,12.9636,45.986399999999996,534.0,555.0,,,974.0
2024-04-14 10:10:22,2024-04-14,2024,4,Sunday,18.38297,89.54536666666667,12.3192,49.68000000000001,571.0,563.0,,,857.0
2024-04-14 10:10:22,2024-04-14,2024,4,Sunday,18.38297,89.54536666666667,12.3192,49.68000000000001,571.0,563.0,,,857.0
2024-04-28 09:05:06,2024-04-28,2024,4,Sunday,37.3337,229.88808333333333,9.7452,57.6756,956.0,968.0,,,1496.0
2024-04-28 09:05:06,2024-04-28,2024,4,Sunday,37.3337,229.88808333333333,9.7452,57.6756,956.0,968.0,,,1496.0
2024-05-01 08:45:16,2024-05-01,2024,5,Wednesday,38.30783,224.6121,10.2348,62.647200000000005,1073.0,1120.0,140.0,185.0,1862.0
2024-05-01 08:45:16,2024-05-01,2024,5,Wednesday,38.30783,224.6121,10.2348,62.647200000000005,1073.0,1120.0,140.0,185.0,1862.0
2024-05-04 10:49:32,2024-05-04,2024,5,Saturday,44.93613,305.71948333333336,8.82,39.434400000000004,1310.0,1293.0,122.0,176.0,1930.0
2024-05-04 10:49:32,2024-05-04,2024,5,Saturday,44.93613,305.71948333333336,8.82,39.434400000000004,1310.0,1293.0,122.0,176.0,1930.0
2024-05-12 06:18:37,2024-05-12,2024,5,Sunday,36.59581,155.5711,14.115599999999999,42.6924,833.0,831.0,138.0,171.0,1449.0
2024-05-12 06:18:37,2024-05-12,2024,5,Sunday,36.59581,155.5711,14.115599999999999,42.6924,833.0,831.0,138.0,171.0,1449.0
2024-05-15 09:45:51,2024-05-15,2024,5,Wednesday,55.059129999999996,261.6386166666667,12.625200000000001,51.192,1330.0,1327.0,,,2123.0
2024-05-15 09:45:51,2024-05-15,2024,5,Wednesday,55.059129999999996,261.6386166666667,12.625200000000001,51.192,1330.0,1327.0,,,2123.0
2024-05-19 12:02:23,2024-05-19,2024,5,Sunday,32.86222,181.03286666666665,10.89,43.8372,860.0,853.0,132.0,179.0,1301.0
2024-05-19 12:02:23,2024-05-19,2024,5,Sunday,32.86222,181.03286666666665,10.89,43.8372,860.0,853.0,132.0,179.0,1301.0
2024-05-23 17:30:26,2024-05-23,2024,5,Thursday,17.63123,86.4042,12.243599999999999,44.676,550.0,565.0,142.0,182.0,742.0
2024-05-23 17:30:26,2024-05-23,2024,5,Thursday,17.63123,86.4042,12.243599999999999,44.676,550.0,565.0,142.0,182.0,742.0
2024-05-26 08:17:54,2024-05-26,2024,5,Sunday,4.79224,29.22488333333333,9.8388,56.2644,108.0,109.0,138.0,165.0,293.0
2024-05-26 08:17:54,2024-05-26,2024,5,Sunday,4.79224,29.22488333333333,9.8388,56.2644,108.0,109.0,138.0,165.0,293.0
2024-05-26 08:56:20,2024-05-26,2024,5,Sunday,36.2444,131.26675,16.567200000000003,51.260400000000004,1072.0,1072.0,172.0,187.0,1894.0
2024-05-26 08:56:20,2024-05-26,2024,5,Sunday,36.2444,131.26675,16.567200000000003,51.260400000000004,1072.0,1072.0,172.0,187.0,1894.0
2024-05-31 16:23:00,2024-05-31,2024,5,Friday,37.48867,187.69315,11.9844,43.2972,808.0,831.0,127.0,180.0,1315.0
2024-05-31 16:23:00,2024-05-31,2024,5,Friday,37.48867,187.69315,11.9844,43.2972,808.0,831.0,127.0,180.0,1315.0
2024-06-01 14:18:31,2024-06-01,2024,6,Saturday,49.32278,266.81831666666665,11.0916,50.0148,1050.0,1056.0,121.0,172.0,1691.0
2024-06-01 14:18:31,2024-06-01,2024,6,Saturday,49.32278,266.81831666666665,11.0916,50.0148,1050.0,1056.0,121.0,172.0,1691.0
2024-06-06 16:13:52,2024-06-06,2024,6,Thursday,31.88996,155.59795,12.2976,44.1036,767.0,755.0,138.0,179.0,1286.0
2024-06-06 16:13:52,2024-06-06,2024,6,Thursday,31.88996,155.59795,12.2976,44.1036,767.0,755.0,138.0,179.0,1286.0
2024-06-08 04:56:47,2024-06-08,2024,6,Saturday,91.17117999999999,425.99781666666667,12.8412,53.172,3117.0,3093.0,157.0,184.0,4151.0
2024-06-08 04:56:47,2024-06-08,2024,6,Saturday,91.17117999999999,425.99781666666667,12.8412,53.172,3117.0,3093.0,157.0,184.0,4151.0
2024-06-23 12:26:46,2024-06-23,2024,6,Sunday,43.634949999999996,165.27796666666666,15.840000000000002,41.4504,83.0,82.0,99.0,149.0,679.0
2024-06-23 12:26:46,2024-06-23,2024,6,Sunday,43.634949999999996,165.27796666666666,15.840000000000002,41.4504,83.0,82.0,99.0,149.0,679.0
2024-07-04 14:06:18,2024-07-04,2024,7,Thursday,52.20004,273.4950666666667,11.451600000000001,45.043200000000006,1266.0,1266.0,143.0,186.0,2294.0
2024-07-04 14:06:18,2024-07-04,2024,7,Thursday,52.20004,273.4950666666667,11.451600000000001,45.043200000000006,1266.0,1266.0,143.0,186.0,2294.0
2024-07-05 10:57:04,2024-07-05,2024,7,Friday,41.538,225.11741666666666,11.07,48.708,1144.0,1138.0,136.0,180.0,1748.0
2024-07-05 10:57:04,2024-07-05,2024,7,Friday,41.538,225.11741666666666,11.07,48.708,1144.0,1138.0,136.0,180.0,1748.0
2024-07-07 15:16:34,2024-07-07,2024,7,Sunday,32.09038,128.53938333333335,14.9796,43.3656,744.0,477.0,139.0,182.0,1152.0
2024-07-07 15:16:34,2024-07-07,2024,7,Sunday,32.09038,128.53938333333335,14.9796,43.3656,744.0,477.0,139.0,182.0,1152.0
2024-07-08 15:23:15,2024-07-08,2024,7,Monday,64.58748,292.52641666666665,13.248000000000001,44.8092,988.0,1000.0,120.0,176.0,1837.0
2024-07-08 15:23:15,2024-07-08,2024,7,Monday,64.58748,292.52641666666665,13.248000000000001,44.8092,988.0,1000.0,120.0,176.0,1837.0
2024-07-12 17:42:28,2024-07-12,2024,7,Friday,20.25174,77.4482,15.688799999999999,36.6804,72.0,58.0,102.0,138.0,357.0
2024-07-12 17:42:28,2024-07-12,2024,7,Friday,20.25174,77.4482,15.688799999999999,36.6804,72.0,58.0,102.0,138.0,357.0
2024-07-13 09:07:05,2024-07-13,2024,7,Saturday,28.9437,112.69335,15.4116,52.47,951.0,956.0,176.0,191.0,1748.0
2024-07-13 09:07:05,2024-07-13,2024,7,Saturday,28.9437,112.69335,15.4116,52.47,951.0,956.0,176.0,191.0,1748.0
2024-07-15 15:01:13,2024-07-15,2024,7,Monday,44.492050000000006,261.28443333333337,10.216800000000001,54.45,1110.0,1096.0,129.0,181.0,1849.0
2024-07-15 15:01:13,2024-07-15,2024,7,Monday,44.492050000000006,261.28443333333337,10.216800000000001,54.45,1110.0,1096.0,129.0,181.0,1849.0
2024-07-22 16:13:33,2024-07-22,2024,7,Monday,21.64351,154.81289999999998,8.388,42.2568,713.0,722.0,128.0,177.0,1066.0
2024-07-22 16:13:33,2024-07-22,2024,7,Monday,21.64351,154.81289999999998,8.388,42.2568,713.0,722.0,128.0,177.0,1066.0
2024-07-26 15:42:11,2024-07-26,2024,7,Friday,14.062899999999999,75.40871666666666,11.1888,39.974399999999996,533.0,320.0,158.0,189.0,943.0
2024-07-26 15:42:11,2024-07-26,2024,7,Friday,14.062899999999999,75.40871666666666,11.1888,39.974399999999996,533.0,320.0,158.0,189.0,943.0
2024-07-27 09:21:50,2024-07-27,2024,7,Saturday,58.10958,366.5659166666667,9.5112,59.421600000000005,1956.0,1900.0,127.0,181.0,2605.0
2024-07-27 09:21:50,2024-07-27,2024,7,Saturday,58.10958,366.5659166666667,9.5112,59.421600000000005,1956.0,1900.0,127.0,181.0,2605.0
2024-08-02 10:27:57,2024-08-02,2024,8,Friday,57.71696,287.4998,12.0456,51.8292,1378.0,1186.0,135.0,187.0,2357.0
2024-08-02 10:27:57,2024-08-02,2024,8,Friday,57.71696,287.4998,12.0456,51.8292,1378.0,1186.0,135.0,187.0,2357.0
2024-08-04 14:43:07,2024-08-04,2024,8,Sunday,38.46808,189.67075000000003,12.168,54.4176,992.0,994.0,138.0,181.0,1579.0
2024-08-04 14:43:07,2024-08-04,2024,8,Sunday,38.46808,189.67075000000003,12.168,54.4176,992.0,994.0,138.0,181.0,1579.0
2024-08-07 15:43:29,2024-08-07,2024,8,Wednesday,25.18407,147.45718333333335,10.245600000000001,47.2968,756.0,754.0,138.0,183.0,1296.0
2024-08-07 15:43:29,2024-08-07,2024,8,Wednesday,25.18407,147.45718333333335,10.245600000000001,47.2968,756.0,754.0,138.0,183.0,1296.0
2024-08-10 09:19:31,2024-08-10,2024,8,Saturday,55.499660000000006,399.0315,8.344800000000001,66.3408,1721.0,1749.0,120.0,189.0,2632.0
2024-08-10 09:19:31,2024-08-10,2024,8,Saturday,55.499660000000006,399.0315,8.344800000000001,66.3408,1721.0,1749.0,120.0,189.0,2632.0
2024-08-15 10:20:34,2024-08-15,2024,8,Thursday,10.91897,67.90946666666667,9.648000000000001,49.6116,372.0,369.0,133.0,178.0,609.0
2024-08-15 10:20:34,2024-08-15,2024,8,Thursday,10.91897,67.90946666666667,9.648000000000001,49.6116,372.0,369.0,133.0,178.0,609.0
2024-08-16 14:23:32,2024-08-16,2024,8,Friday,43.169830000000005,252.97633333333334,10.2384,51.192,1016.0,1014.0,126.0,181.0,1774.0
2024-08-16 14:23:32,2024-08-16,2024,8,Friday,43.169830000000005,252.97633333333334,10.2384,51.192,1016.0,1014.0,126.0,181.0,1774.0
2024-08-18 10:22:13,2024-08-18,2024,8,Sunday,26.860709999999997,101.89151666666666,15.8184,50.7564,677.0,670.0,152.0,185.0,1135.0
2024-08-18 10:22:13,2024-08-18,2024,8,Sunday,26.860709999999997,101.89151666666666,15.8184,50.7564,677.0,670.0,152.0,185.0,1135.0
2024-09-01 07:45:41,2024-09-01,2024,9,Sunday,61.96521,405.4596,9.1692,56.0628,1585.0,1561.0,130.0,178.0,2956.0
2024-09-01 07:45:41,2024-09-01,2024,9,Sunday,61.96521,405.4596,9.1692,56.0628,1585.0,1561.0,130.0,178.0,2956.0
2024-09-04 09:37:38,2024-09-04,2024,9,Wednesday,41.87721,352.79726666666664,7.1208,53.7444,1565.0,1565.0,123.0,182.0,2264.0
2024-09-04 09:37:38,2024-09-04,2024,9,Wednesday,41.87721,352.79726666666664,7.1208,53.7444,1565.0,1565.0,123.0,182.0,2264.0
2024-09-07 09:06:15,2024-09-07,2024,9,Saturday,45.75734,385.60185,7.1208,68.79240000000001,2232.0,2204.0,137.0,185.0,3145.0
2024-09-07 09:06:15,2024-09-07,2024,9,Saturday,45.75734,385.60185,7.1208,68.79240000000001,2232.0,2204.0,137.0,185.0,3145.0
2024-09-10 15:54:12,2024-09-10,2024,9,Tuesday,28.69317,84.12153333333335,20.465999999999998,38.664,81.0,80.0,128.0,174.0,684.0
2024-09-10 15:54:12,2024-09-10,2024,9,Tuesday,28.69317,84.12153333333335,20.465999999999998,38.664,81.0,80.0,128.0,174.0,684.0
2024-09-17 15:44:15,2024-09-17,2024,9,Tuesday,26.48666,99.01061666666666,16.0524,38.0592,83.0,89.0,101.0,159.0,439.0
2024-09-17 15:44:15,2024-09-17,2024,9,Tuesday,26.48666,99.01061666666666,16.0524,38.0592,83.0,89.0,101.0,159.0,439.0
2024-09-21 10:05:32,2024-09-21,2024,9,Saturday,44.316410000000005,180.29694999999998,14.749200000000002,55.458,1028.0,1011.0,151.0,187.0,1847.0
2024-09-21 10:05:32,2024-09-21,2024,9,Saturday,44.316410000000005,180.29694999999998,14.749200000000002,55.458,1028.0,1011.0,151.0,187.0,1847.0
2024-09-23 15:24:32,2024-09-23,2024,9,Monday,25.50373,129.25436666666667,11.8404,51.93000000000001,661.0,663.0,135.0,190.0,1084.0
2024-09-23 15:24:32,2024-09-23,2024,9,Monday,25.50373,129.25436666666667,11.8404,51.93000000000001,661.0,663.0,135.0,190.0,1084.0
2024-10-06 09:28:45,2024-10-06,2024,10,Sunday,47.23821,257.9299,10.9872,48.1032,1314.0,1301.0,141.0,183.0,2131.0
2024-10-06 09:28:45,2024-10-06,2024,10,Sunday,47.23821,257.9299,10.9872,48.1032,1314.0,1301.0,141.0,183.0,2131.0
2024-10-07 14:10:21,2024-10-07,2024,10,Monday,27.76412,149.70556666666667,11.127600000000001,55.2888,784.0,783.0,143.0,179.0,1270.0
2024-10-07 14:10:21,2024-10-07,2024,10,Monday,27.76412,149.70556666666667,11.127600000000001,55.2888,784.0,783.0,143.0,179.0,1270.0
2024-10-12 11:01:23,2024-10-12,2024,10,Saturday,24.456509999999998,125.23756666666667,11.718,38.898,471.0,460.0,133.0,179.0,1008.0
2024-10-12 11:01:23,2024-10-12,2024,10,Saturday,24.456509999999998,125.23756666666667,11.718,38.898,471.0,460.0,133.0,179.0,1008.0
2024-10-13 08:14:28,2024-10-13,2024,10,Sunday,6.36766,47.632266666666666,8.020800000000001,29.8944,166.0,211.0,137.0,175.0,453.0
2024-10-13 08:14:28,2024-10-13,2024,10,Sunday,6.36766,47.632266666666666,8.020800000000001,29.8944,166.0,211.0,137.0,175.0,453.0
2024-10-13 09:04:39,2024-10-13,2024,10,Sunday,33.4489,124.39725,16.1316,48.607200000000006,566.0,443.0,179.0,194.0,1930.0
2024-10-13 09:04:39,2024-10-13,2024,10,Sunday,33.4489,124.39725,16.1316,48.607200000000006,566.0,443.0,179.0,194.0,1930.0
2024-10-19 10:02:58,2024-10-19,2024,10,Saturday,20.36244,107.15169999999999,11.4012,46.522800000000004,573.0,570.0,151.0,187.0,1119.0
2024-10-19 10:02:58,2024-10-19,2024,10,Saturday,20.36244,107.15169999999999,11.4012,46.522800000000004,573.0,570.0,151.0,187.0,1119.0
2024-10-20 09:27:31,2024-10-20,2024,10,Sunday,47.60815,360.1491,7.9308,45.5148,1017.0,1003.0,107.0,172.0,1857.0
2024-10-20 09:27:31,2024-10-20,2024,10,Sunday,47.60815,360.1491,7.9308,45.5148,1017.0,1003.0,107.0,172.0,1857.0
2024-11-09 13:54:57,2024-11-09,2024,11,Saturday,28.301560000000002,127.51731666666666,13.3164,41.6196,754.0,751.0,155.0,184.0,1331.0
2024-11-09 13:54:57,2024-11-09,2024,11,Saturday,28.301560000000002,127.51731666666666,13.3164,41.6196,754.0,751.0,155.0,184.0,1331.0
2025-03-06 14:31:39,2025-03-06,2025,3,Thursday,28.00638,161.02043333333333,10.4364,45.0108,769.0,764.0,150.0,181.0,1504.0
2025-03-06 14:31:39,2025-03-06,2025,3,Thursday,28.00638,161.02043333333333,10.4364,45.0108,769.0,764.0,150.0,181.0,1504.0
2025-03-07 14:45:21,2025-03-07,2025,3,Friday,26.497400000000003,154.93885,10.26,42.793200000000006,769.0,753.0,147.0,181.0,1431.0
2025-03-07 14:45:21,2025-03-07,2025,3,Friday,26.497400000000003,154.93885,10.26,42.793200000000006,769.0,753.0,147.0,181.0,1431.0
2025-03-08 08:05:26,2025-03-08,2025,3,Saturday,40.30622,194.32155,12.4452,44.8416,1043.0,1003.0,143.0,179.0,1721.0
2025-03-08 08:05:26,2025-03-08,2025,3,Saturday,40.30622,194.32155,12.4452,44.8416,1043.0,1003.0,143.0,179.0,1721.0
2025-03-18 16:53:07,2025-03-18,2025,3,Tuesday,18.34832,63.57123333333333,17.316,38.696400000000004,71.0,77.0,123.0,170.0,447.0
2025-03-18 16:53:07,2025-03-18,2025,3,Tuesday,18.34832,63.57123333333333,17.316,38.696400000000004,71.0,77.0,123.0,170.0,447.0
2025-03-22 14:06:54,2025-03-22,2025,3,Saturday,29.09169,190.17145,9.18,52.232400000000005,918.0,902.0,144.0,184.0,1693.0
2025-03-22 14:06:54,2025-03-22,2025,3,Saturday,29.09169,190.17145,9.18,52.232400000000005,918.0,902.0,144.0,184.0,1693.0
2025-04-08 15:18:18,2025-04-08,2025,4,Tuesday,30.12392,120.44699999999999,15.004800000000001,35.708400000000005,113.0,113.0,111.0,169.0,640.0
2025-04-08 15:18:18,2025-04-08,2025,4,Tuesday,30.12392,120.44699999999999,15.004800000000001,35.708400000000005,113.0,113.0,111.0,169.0,640.0
2025-04-12 12:54:55,2025-04-12,2025,4,Saturday,57.7854,268.33456666666666,12.9204,52.534800000000004,1319.0,1292.0,142.0,183.0,2233.0
2025-04-12 12:54:55,2025-04-12,2025,4,Saturday,57.7854,268.33456666666666,12.9204,52.534800000000004,1319.0,1292.0,142.0,183.0,2233.0
2025-04-13 08:15:07,2025-04-13,2025,4,Sunday,39.226639999999996,165.27261666666666,14.2416,44.2044,842.0,819.0,154.0,179.0,1701.0
2025-04-13 08:15:07,2025-04-13,2025,4,Sunday,39.226639999999996,165.27261666666666,14.2416,44.2044,842.0,819.0,154.0,179.0,1701.0
2025-04-17 16:24:19,2025-04-17,2025,4,Thursday,51.16033,146.40645,20.9664,38.9988,162.0,163.0,138.0,178.0,1262.0
2025-04-17 16:24:19,2025-04-17,2025,4,Thursday,51.16033,146.40645,20.9664,38.9988,162.0,163.0,138.0,178.0,1262.0
2025-04-19 11:58:08,2025-04-19,2025,4,Saturday,34.419650000000004,139.2493,14.832,43.5996,731.0,714.0,145.0,187.0,1368.0
2025-04-19 11:58:08,2025-04-19,2025,4,Saturday,34.419650000000004,139.2493,14.832,43.5996,731.0,714.0,145.0,187.0,1368.0
2025-04-20 13:32:20,2025-04-20,2025,4,Sunday,37.37408,160.90125,13.9356,46.3896,528.0,516.0,121.0,178.0,1029.0
2025-04-20 13:32:20,2025-04-20,2025,4,Sunday,37.37408,160.90125,13.9356,46.3896,528.0,516.0,121.0,178.0,1029.0
2025-04-21 11:56:13,2025-04-21,2025,4,Monday,46.25584,300.8734166666666,9.2232,46.656000000000006,1120.0,1113.0,123.0,181.0,1930.0
2025-04-21 11:56:13,2025-04-21,2025,4,Monday,46.25584,300.8734166666666,9.2232,46.656000000000006,1120.0,1113.0,123.0,181.0,1930.0
2025-04-23 16:29:53,2025-04-23,2025,4,Wednesday,34.1196,90.78265,22.5504,30.6,96.0,86.0,131.0,159.0,733.0
2025-04-23 16:29:53,2025-04-23,2025,4,Wednesday,34.1196,90.78265,22.5504,30.6,96.0,86.0,131.0,159.0,733.0
2025-04-25 16:45:23,2025-04-25,2025,4,Friday,11.99875,54.422916666666666,13.23,35.571600000000004,103.0,111.0,123.0,158.0,406.0
2025-04-25 16:45:23,2025-04-25,2025,4,Friday,11.99875,54.422916666666666,13.23,35.571600000000004,103.0,111.0,123.0,158.0,406.0
2025-04-26 08:01:52,2025-04-26,2025,4,Saturday,5.58487,29.792866666666665,11.246400000000001,26.704800000000002,42.0,32.0,135.0,174.0,291.0
2025-04-26 08:01:52,2025-04-26,2025,4,Saturday,5.58487,29.792866666666665,11.246400000000001,26.704800000000002,42.0,32.0,135.0,174.0,291.0
2025-04-26 09:06:11,2025-04-26,2025,4,Saturday,57.600449999999995,168.11091666666667,20.559600000000003,39.9384,370.0,357.0,177.0,189.0,2597.0
2025-04-26 09:06:11,2025-04-26,2025,4,Saturday,57.600449999999995,168.11091666666667,20.559600000000003,39.9384,370.0,357.0,177.0,189.0,2597.0
2025-04-28 15:39:26,2025-04-28,2025,4,Monday,48.81401,131.01905,22.356,40.14,213.0,183.0,133.0,174.0,1063.0
2025-04-28 15:39:26,2025-04-28,2025,4,Monday,48.81401,131.01905,22.356,40.14,213.0,183.0,133.0,174.0,1063.0
2025-04-29 14:14:37,2025-04-29,2025,4,Tuesday,62.92131,187.17523333333332,20.1708,37.8576,348.0,312.0,134.0,171.0,1486.0
2025-04-29 14:14:37,2025-04-29,2025,4,Tuesday,62.92131,187.17523333333332,20.1708,37.8576,348.0,312.0,134.0,171.0,1486.0
2025-05-02 15:38:43,2025-05-02,2025,5,Friday,38.8882,185.50778333333335,12.5784,52.772400000000005,788.0,761.0,135.0,181.0,1444.0
2025-05-02 15:38:43,2025-05-02,2025,5,Friday,38.8882,185.50778333333335,12.5784,52.772400000000005,788.0,761.0,135.0,181.0,1444.0
2025-05-03 10:02:16,2025-05-03,2025,5,Saturday,64.78214,388.0368833333333,10.0152,43.1316,1505.0,1473.0,126.0,179.0,2560.0
2025-05-03 10:02:16,2025-05-03,2025,5,Saturday,64.78214,388.0368833333333,10.0152,43.1316,1505.0,1473.0,126.0,179.0,2560.0
2025-05-04 16:21:45,2025-05-04,2025,5,Sunday,28.83547,126.56633333333333,13.6692,41.281200000000005,458.0,469.0,132.0,182.0,969.0
2025-05-04 16:21:45,2025-05-04,2025,5,Sunday,28.83547,126.56633333333333,13.6692,41.281200000000005,458.0,469.0,132.0,182.0,969.0
2025-05-07 15:17:58,2025-05-07,2025,5,Wednesday,22.35968,59.58083333333333,22.518,33.9948,111.0,84.0,137.0,175.0,573.0
2025-05-07 15:17:58,2025-05-07,2025,5,Wednesday,22.35968,59.58083333333333,22.518,33.9948,111.0,84.0,137.0,175.0,573.0
2025-05-09 14:51:41,2025-05-09,2025,5,Friday,29.09131,85.17086666666667,20.494799999999998,34.5996,127.0,114.0,135.0,170.0,741.0
2025-05-09 14:51:41,2025-05-09,2025,5,Friday,29.09131,85.17086666666667,20.494799999999998,34.5996,127.0,114.0,135.0,170.0,741.0
2025-05-10 08:53:31,2025-05-10,2025,5,Saturday,44.36718,187.73771666666667,14.1804,45.1116,1245.0,1152.0,171.0,187.0,2601.0
2025-05-10 08:53:31,2025-05-10,2025,5,Saturday,44.36718,187.73771666666667,14.1804,45.1116,1245.0,1152.0,171.0,187.0,2601.0
2025-05-11 15:24:19,2025-05-11,2025,5,Sunday,50.75481,168.4913,18.0756,32.886,261.0,249.0,144.0,175.0,1501.0
2025-05-11 15:24:19,2025-05-11,2025,5,Sunday,50.75481,168.4913,18.0756,32.886,261.0,249.0,144.0,175.0,1501.0
2025-05-13 16:00:34,2025-05-13,2025,5,Tuesday,36.41768,141.22760000000002,15.472800000000001,31.507200000000005,133.0,108.0,98.0,158.0,564.0
2025-05-13 16:00:34,2025-05-13,2025,5,Tuesday,36.41768,141.22760000000002,15.472800000000001,31.507200000000005,133.0,108.0,98.0,158.0,564.0
2025-05-20 15:25:02,2025-05-20,2025,5,Tuesday,52.84801,188.65118333333334,16.8084,37.4184,259.0,235.0,136.0,182.0,1414.0
2025-05-20 15:25:02,2025-05-20,2025,5,Tuesday,52.84801,188.65118333333334,16.8084,37.4184,259.0,235.0,136.0,182.0,1414.0
2025-05-22 17:14:00,2025-05-22,2025,5,Thursday,51.56711,130.97286666666668,23.6232,37.2528,155.0,174.0,146.0,184.0,1290.0
2025-05-22 17:14:00,2025-05-22,2025,5,Thursday,51.56711,130.97286666666668,23.6232,37.2528,155.0,174.0,146.0,184.0,1290.0
2025-05-24 09:03:56,2025-05-24,2025,5,Saturday,46.31852,163.86553333333333,16.959600000000002,44.708400000000005,1141.0,1138.0,176.0,187.0,2530.0
2025-05-24 09:03:56,2025-05-24,2025,5,Saturday,46.31852,163.86553333333333,16.959600000000002,44.708400000000005,1141.0,1138.0,176.0,187.0,2530.0
2025-05-24 12:03:42,2025-05-24,2025,5,Saturday,7.433859999999999,42.69638333333333,10.4472,32.616,199.0,60.0,132.0,155.0,409.0
2025-05-24 12:03:42,2025-05-24,2025,5,Saturday,7.433859999999999,42.69638333333333,10.4472,32.616,199.0,60.0,132.0,155.0,409.0
2025-05-25 13:31:15,2025-05-25,2025,5,Sunday,48.7701,286.07848333333334,10.2276,47.664,1112.0,1116.0,114.0,163.0,1773.0
2025-05-25 13:31:15,2025-05-25,2025,5,Sunday,48.7701,286.07848333333334,10.2276,47.664,1112.0,1116.0,114.0,163.0,1773.0
2025-05-30 12:45:17,2025-05-30,2025,5,Friday,60.75899,324.06006666666667,11.25,54.147600000000004,1872.0,1849.0,127.0,181.0,2474.0
2025-05-30 12:45:17,2025-05-30,2025,5,Friday,60.75899,324.06006666666667,11.25,54.147600000000004,1872.0,1849.0,127.0,181.0,2474.0
2025-05-31 11:43:27,2025-05-31,2025,5,Saturday,57.448209999999996,317.5637,10.854000000000001,38.3616,992.0,837.0,117.0,181.0,2021.0
2025-05-31 11:43:27,2025-05-31,2025,5,Saturday,57.448209999999996,317.5637,10.854000000000001,38.3616,992.0,837.0,117.0,181.0,2021.0
2025-06-01 13:14:34,2025-06-01,2025,6,Sunday,20.48281,166.17996666666667,7.394399999999999,30.063600000000005,618.0,583.0,115.0,171.0,1023.0
2025-06-01 13:14:34,2025-06-01,2025,6,Sunday,20.48281,166.17996666666667,7.394399999999999,30.063600000000005,618.0,583.0,115.0,171.0,1023.0
2025-06-04 16:33:41,2025-06-04,2025,6,Wednesday,22.999119999999998,70.17375,19.6632,31.3056,145.0,116.0,108.0,143.0,395.0
2025-06-04 16:33:41,2025-06-04,2025,6,Wednesday,22.999119999999998,70.17375,19.6632,31.3056,145.0,116.0,108.0,143.0,395.0
2025-06-05 15:59:52,2025-06-05,2025,6,Thursday,41.349419999999995,108.32725,22.903200000000002,35.3376,123.0,124.0,133.0,176.0,919.0
2025-06-05 15:59:52,2025-06-05,2025,6,Thursday,41.349419999999995,108.32725,22.903200000000002,35.3376,123.0,124.0,133.0,176.0,919.0
2025-06-07 12:51:52,2025-06-07,2025,6,Saturday,53.286660000000005,289.99918333333335,11.0232,49.1436,1587.0,1573.0,140.0,189.0,2413.0
2025-06-07 12:51:52,2025-06-07,2025,6,Saturday,53.286660000000005,289.99918333333335,11.0232,49.1436,1587.0,1573.0,140.0,189.0,2413.0
2025-06-08 12:48:01,2025-06-08,2025,6,Sunday,30.952509999999997,264.99218333333334,7.009200000000001,47.732400000000005,950.0,901.0,117.0,173.0,1554.0
2025-06-08 12:48:01,2025-06-08,2025,6,Sunday,30.952509999999997,264.99218333333334,7.009200000000001,47.732400000000005,950.0,901.0,117.0,173.0,1554.0
2025-06-10 14:58:09,2025-06-10,2025,6,Tuesday,35.87526999999999,97.92716666666666,21.9816,31.4424,119.0,99.0,129.0,151.0,756.0
2025-06-10 14:58:09,2025-06-10,2025,6,Tuesday,35.87526999999999,97.92716666666666,21.9816,31.4424,119.0,99.0,129.0,151.0,756.0
2025-06-12 14:06:06,2025-06-12,2025,6,Thursday,35.38526,92.08043333333333,23.058,38.696400000000004,161.0,121.0,134.0,177.0,826.0
2025-06-12 14:06:06,2025-06-12,2025,6,Thursday,35.38526,92.08043333333333,23.058,38.696400000000004,161.0,121.0,134.0,177.0,826.0
2025-06-13 16:24:28,2025-06-13,2025,6,Friday,12.58118,54.75288333333333,13.788,37.62,213.0,215.0,128.0,172.0,462.0
2025-06-13 16:24:28,2025-06-13,2025,6,Friday,12.58118,54.75288333333333,13.788,37.62,213.0,215.0,128.0,172.0,462.0
2025-06-14 09:01:02,2025-06-14,2025,6,Saturday,47.495599999999996,154.89095,18.3996,46.6236,1067.0,1045.0,178.0,192.0,2426.0
2025-06-14 09:01:02,2025-06-14,2025,6,Saturday,47.495599999999996,154.89095,18.3996,46.6236,1067.0,1045.0,178.0,192.0,2426.0
2025-06-18 15:22:43,2025-06-18,2025,6,Wednesday,57.60478,178.90445,19.3176,35.2368,333.0,320.0,122.0,179.0,1168.0
2025-06-18 15:22:43,2025-06-18,2025,6,Wednesday,57.60478,178.90445,19.3176,35.2368,333.0,320.0,122.0,179.0,1168.0
2025-06-21 11:36:34,2025-06-21,2025,6,Saturday,41.84361,281.48491666666666,8.920800000000002,66.54240000000001,1445.0,1395.0,119.0,180.0,1865.0
2025-06-21 11:36:34,2025-06-21,2025,6,Saturday,41.84361,281.48491666666666,8.920800000000002,66.54240000000001,1445.0,1395.0,119.0,180.0,1865.0
2025-06-22 10:29:07,2025-06-22,2025,6,Sunday,59.65228,346.88455,10.3176,44.3736,1255.0,1232.0,118.0,186.0,2065.0
2025-06-22 10:29:07,2025-06-22,2025,6,Sunday,59.65228,346.88455,10.3176,44.3736,1255.0,1232.0,118.0,186.0,2065.0
2025-06-26 17:29:53,2025-06-26,2025,6,Thursday,43.18185,124.66243333333334,20.782799999999998,32.112,169.0,159.0,121.0,147.0,850.0
2025-06-26 17:29:53,2025-06-26,2025,6,Thursday,43.18185,124.66243333333334,20.782799999999998,32.112,169.0,159.0,121.0,147.0,850.0
2025-06-28 16:12:38,2025-06-28,2025,6,Saturday,9.850520000000001,77.30236666666666,7.646400000000001,24.386400000000002,109.0,69.0,97.0,131.0,312.0
2025-06-28 16:12:38,2025-06-28,2025,6,Saturday,9.850520000000001,77.30236666666666,7.646400000000001,24.386400000000002,109.0,69.0,97.0,131.0,312.0
2025-06-29 09:32:06,2025-06-29,2025,6,Sunday,55.905010000000004,485.77735,6.9048,66.9132,1881.0,2290.0,127.0,176.0,3218.0
2025-06-29 09:32:06,2025-06-29,2025,6,Sunday,55.905010000000004,485.77735,6.9048,66.9132,1881.0,2290.0,127.0,176.0,3218.0
2025-06-30 10:18:43,2025-06-30,2025,6,Monday,56.07082,373.96823333333333,8.996400000000001,48.7404,2178.0,2125.0,127.0,183.0,2792.0
2025-06-30 10:18:43,2025-06-30,2025,6,Monday,56.07082,373.96823333333333,8.996400000000001,48.7404,2178.0,2125.0,127.0,183.0,2792.0
2025-07-01 10:16:31,2025-07-01,2025,7,Tuesday,28.58618,228.08554999999998,7.5204,67.2156,1224.0,1195.0,125.0,175.0,1606.0
2025-07-01 10:16:31,2025-07-01,2025,7,Tuesday,28.58618,228.08554999999998,7.5204,67.2156,1224.0,1195.0,125.0,175.0,1606.0
2025-07-03 09:30:26,2025-07-03,2025,7,Thursday,38.40751,356.56326666666666,6.462,44.442,1403.0,1377.0,120.0,178.0,2106.0
2025-07-03 09:30:26,2025-07-03,2025,7,Thursday,38.40751,356.56326666666666,6.462,44.442,1403.0,1377.0,120.0,178.0,2106.0
2025-07-04 10:45:44,2025-07-04,2025,7,Friday,28.881259999999997,317.08983333333333,5.4648,59.994,1552.0,1507.0,120.0,175.0,2013.0
2025-07-04 10:45:44,2025-07-04,2025,7,Friday,28.881259999999997,317.08983333333333,5.4648,59.994,1552.0,1507.0,120.0,175.0,2013.0
2025-07-05 10:34:58,2025-07-05,2025,7,Saturday,69.91889,467.2339666666667,8.9784,70.1712,2281.0,2237.0,127.0,179.0,3497.0
2025-07-05 10:34:58,2025-07-05,2025,7,Saturday,69.91889,467.2339666666667,8.9784,70.1712,2281.0,2237.0,127.0,179.0,3497.0
2025-07-12 09:25:08,2025-07-12,2025,7,Saturday,17.68351,48.08115,22.068,43.736399999999996,67.0,64.0,,,521.0
2025-07-12 09:25:08,2025-07-12,2025,7,Saturday,17.68351,48.08115,22.068,43.736399999999996,67.0,64.0,,,521.0
2025-07-14 16:07:42,2025-07-14,2025,7,Monday,18.903650000000003,115.8087,9.7956,40.41,685.0,687.0,142.0,184.0,1133.0
2025-07-14 16:07:42,2025-07-14,2025,7,Monday,18.903650000000003,115.8087,9.7956,40.41,685.0,687.0,142.0,184.0,1133.0
2025-07-15 15:20:50,2025-07-15,2025,7,Tuesday,26.29771,140.8391,11.2032,48.3048,474.0,262.0,137.0,192.0,1194.0
2025-07-15 15:20:50,2025-07-15,2025,7,Tuesday,26.29771,140.8391,11.2032,48.3048,474.0,262.0,137.0,192.0,1194.0
2025-07-16 15:53:14,2025-07-16,2025,7,Wednesday,24.89807,114.18828333333333,13.0824,39.0996,535.0,522.0,133.0,175.0,1014.0
2025-07-16 15:53:14,2025-07-16,2025,7,Wednesday,24.89807,114.18828333333333,13.0824,39.0996,535.0,522.0,133.0,175.0,1014.0
2025-07-19 11:48:19,2025-07-19,2025,7,Saturday,33.91966,253.49943333333334,8.028,49.176,1061.0,1019.0,125.0,184.0,1729.0
2025-07-19 11:48:19,2025-07-19,2025,7,Saturday,33.91966,253.49943333333334,8.028,49.176,1061.0,1019.0,125.0,184.0,1729.0
2025-07-23 15:19:10,2025-07-23,2025,7,Wednesday,55.998870000000004,167.20708333333332,20.0952,42.5916,326.0,289.0,130.0,182.0,1283.0
2025-07-23 15:19:10,2025-07-23,2025,7,Wednesday,55.998870000000004,167.20708333333332,20.0952,42.5916,326.0,289.0,130.0,182.0,1283.0
2025-07-26 12:16:51,2025-07-26,2025,7,Saturday,63.1156,323.4234833333333,11.7072,41.886,1513.0,1492.0,129.0,174.0,2304.0
2025-07-26 12:16:51,2025-07-26,2025,7,Saturday,63.1156,323.4234833333333,11.7072,41.886,1513.0,1492.0,129.0,174.0,2304.0
2025-07-30 14:55:55,2025-07-30,2025,7,Wednesday,30.06128,94.91568333333333,19.0044,34.4988,106.0,101.0,110.0,148.0,541.0
2025-07-30 14:55:55,2025-07-30,2025,7,Wednesday,30.06128,94.91568333333333,19.0044,34.4988,106.0,101.0,110.0,148.0,541.0
2025-08-02 09:56:56,2025-08-02,2025,8,Saturday,46.591699999999996,286.7837,9.748800000000001,48.772800000000004,882.0,871.0,112.0,173.0,1601.0
2025-08-02 09:56:56,2025-08-02,2025,8,Saturday,46.591699999999996,286.7837,9.748800000000001,48.772800000000004,882.0,871.0,112.0,173.0,1601.0
2025-08-09 11:56:50,2025-08-09,2025,8,Saturday,54.58198,323.0553,10.137599999999999,49.8132,1444.0,1420.0,127.0,187.0,2202.0
2025-08-09 11:56:50,2025-08-09,2025,8,Saturday,54.58198,323.0553,10.137599999999999,49.8132,1444.0,1420.0,127.0,187.0,2202.0
2025-08-12 12:55:44,2025-08-12,2025,8,Tuesday,35.83045,153.79756666666665,13.9788,46.3896,705.0,692.0,141.0,192.0,1345.0
2025-08-12 12:55:44,2025-08-12,2025,8,Tuesday,35.83045,153.79756666666665,13.9788,46.3896,705.0,692.0,141.0,192.0,1345.0
2025-08-17 09:02:04,2025-08-17,2025,8,Sunday,65.91296000000001,343.8481,11.501999999999999,50.385600000000004,1223.0,1211.0,115.0,173.0,2070.0
2025-08-17 09:02:04,2025-08-17,2025,8,Sunday,65.91296000000001,343.8481,11.501999999999999,50.385600000000004,1223.0,1211.0,115.0,173.0,2070.0
2025-09-04 15:56:04,2025-09-04,2025,9,Thursday,34.56165,99.61371666666668,20.818800000000003,35.035199999999996,137.0,119.0,132.0,168.0,858.0
2025-09-04 15:56:04,2025-09-04,2025,9,Thursday,34.56165,99.61371666666668,20.818800000000003,35.035199999999996,137.0,119.0,132.0,168.0,858.0
2025-09-06 09:02:44,2025-09-06,2025,9,Saturday,30.26949,115.21546666666667,15.764399999999998,46.724399999999996,431.0,247.0,176.0,189.0,1732.0
2025-09-06 09:02:44,2025-09-06,2025,9,Saturday,30.26949,115.21546666666667,15.764399999999998,46.724399999999996,431.0,247.0,176.0,189.0,1732.0
2025-09-09 16:12:58,2025-09-09,2025,9,Tuesday,32.14509,99.9123,19.3032,35.2368,95.0,79.0,110.0,135.0,535.0
2025-09-09 16:12:58,2025-09-09,2025,9,Tuesday,32.14509,99.9123,19.3032,35.2368,95.0,79.0,110.0,135.0,535.0
2025-09-13 10:55:11,2025-09-13,2025,9,Saturday,53.38061,290.7700666666667,11.016,50.486399999999996,1077.0,1059.0,121.0,169.0,1876.0
2025-09-13 10:55:11,2025-09-13,2025,9,Saturday,53.38061,290.7700666666667,11.016,50.486399999999996,1077.0,1059.0,121.0,169.0,1876.0
2025-09-21 11:04:12,2025-09-21,2025,9,Sunday,40.30795,219.66263333333333,11.008799999999999,53.3088,1120.0,1115.0,139.0,180.0,1822.0
2025-09-21 11:04:12,2025-09-21,2025,9,Sunday,40.30795,219.66263333333333,11.008799999999999,53.3088,1120.0,1115.0,139.0,180.0,1822.0
2025-10-02 15:56:43,2025-10-02,2025,10,Thursday,18.109,55.245266666666666,19.666800000000002,29.426399999999997,53.0,78.0,113.0,143.0,353.0
2025-10-02 15:56:43,2025-10-02,2025,10,Thursday,18.109,55.245266666666666,19.666800000000002,29.426399999999997,53.0,78.0,113.0,143.0,353.0
2025-10-12 11:19:29,2025-10-12,2025,10,Sunday,33.88111,185.75695,10.944,39.906000000000006,996.0,967.0,143.0,182.0,1653.0
2025-10-12 11:19:29,2025-10-12,2025,10,Sunday,33.88111,185.75695,10.944,39.906000000000006,996.0,967.0,143.0,182.0,1653.0
2025-10-19 11:20:19,2025-10-19,2025,10,Sunday,41.4989,250.06668333333334,9.957600000000001,53.946,1423.0,1389.0,128.0,170.0,1888.0
2025-10-19 11:20:19,2025-10-19,2025,10,Sunday,41.4989,250.06668333333334,9.957600000000001,53.946,1423.0,1389.0,128.0,170.0,1888.0
2025-11-01 10:40:18,2025-11-01,2025,11,Saturday,4.16441,30.77511666666667,8.118,36.9828,130.0,82.0,135.0,170.0,305.0
2025-11-01 10:40:18,2025-11-01,2025,11,Saturday,4.16441,30.77511666666667,8.118,36.9828,130.0,82.0,135.0,170.0,305.0
2026-03-15 11:46:34,2026-03-15,2026,3,Sunday,17.45304,107.86371666666668,9.709200000000001,39.636,546.0,560.0,131.0,172.0,897.0
2026-03-15 11:46:34,2026-03-15,2026,3,Sunday,17.45304,107.86371666666668,9.709200000000001,39.636,546.0,560.0,131.0,172.0,897.0
2026-03-28 14:10:30,2026-03-28,2026,3,Saturday,24.269479999999998,154.61281666666667,9.4176,45.2448,619.0,587.0,130.0,171.0,1200.0
2026-03-28 14:10:30,2026-03-28,2026,3,Saturday,24.269479999999998,154.61281666666667,9.4176,45.2448,619.0,587.0,130.0,171.0,1200.0
2026-04-11 12:06:06,2026-04-11,2026,4,Saturday,31.86751,107.33221666666667,17.812800000000003,35.2044,211.0,215.0,119.0,141.0,711.0
2026-04-11 12:06:06,2026-04-11,2026,4,Saturday,31.86751,107.33221666666667,17.812800000000003,35.2044,211.0,215.0,119.0,141.0,711.0
2026-04-18 11:43:53,2026-04-18,2026,4,Saturday,47.67007,163.42586666666665,17.5032,38.394,298.0,258.0,102.0,155.0,746.0
2026-04-18 11:43:53,2026-04-18,2026,4,Saturday,47.67007,163.42586666666665,17.5032,38.394,298.0,258.0,102.0,155.0,746.0
2026-04-21 15:52:24,2026-04-21,2026,4,Tuesday,39.93134,111.40491666666667,21.506400000000003,38.7972,160.0,160.0,136.0,164.0,1025.0
2026-04-21 15:52:24,2026-04-21,2026,4,Tuesday,39.93134,111.40491666666667,21.506400000000003,38.7972,160.0,160.0,136.0,164.0,1025.0
2026-04-25 15:17:47,2026-04-25,2026,4,Saturday,27.169990000000002,143.99606666666665,11.322000000000001,51.6636,785.0,774.0,142.0,184.0,1323.0
2026-04-25 15:17:47,2026-04-25,2026,4,Saturday,27.169990000000002,143.99606666666665,11.322000000000001,51.6636,785.0,774.0,142.0,184.0,1323.0
2026-04-26 11:24:44,2026-04-26,2026,4,Sunday,42.08849,206.15226666666666,12.2508,42.2892,1029.0,999.0,129.0,169.0,1643.0
2026-04-26 11:24:44,2026-04-26,2026,4,Sunday,42.08849,206.15226666666666,12.2508,42.2892,1029.0,999.0,129.0,169.0,1643.0
2026-04-28 15:46:18,2026-04-28,2026,4,Tuesday,29.024189999999997,103.45578333333333,16.8336,31.0392,124.0,123.0,111.0,138.0,588.0
2026-04-28 15:46:18,2026-04-28,2026,4,Tuesday,29.024189999999997,103.45578333333333,16.8336,31.0392,124.0,123.0,111.0,138.0,588.0
2026-05-01 11:06:26,2026-05-01,2026,5,Friday,27.64225,133.19196666666667,12.4524,48.8412,842.0,774.0,141.0,185.0,1254.0
2026-05-01 11:06:26,2026-05-01,2026,5,Friday,27.64225,133.19196666666667,12.4524,48.8412,842.0,774.0,141.0,185.0,1254.0
2026-05-02 10:32:27,2026-05-02,2026,5,Saturday,47.90851,288.6653,9.957600000000001,58.6152,1602.0,1562.0,127.0,174.0,2085.0
2026-05-02 10:32:27,2026-05-02,2026,5,Saturday,47.90851,288.6653,9.957600000000001,58.6152,1602.0,1562.0,127.0,174.0,2085.0
2026-05-05 16:01:06,2026-05-05,2026,5,Tuesday,37.37711,116.37668333333333,19.2708,37.4544,131.0,105.0,112.0,152.0,663.0
2026-05-05 16:01:06,2026-05-05,2026,5,Tuesday,37.37711,116.37668333333333,19.2708,37.4544,131.0,105.0,112.0,152.0,663.0
2026-05-10 10:55:20,2026-05-10,2026,5,Sunday,70.82435000000001,393.14436666666666,10.8072,58.482000000000006,1942.0,1873.0,124.0,174.0,2723.0
2026-05-10 10:55:20,2026-05-10,2026,5,Sunday,70.82435000000001,393.14436666666666,10.8072,58.482000000000006,1942.0,1873.0,124.0,174.0,2723.0
2026-05-17 15:38:18,2026-05-17,2026,5,Sunday,30.04073,80.41393333333333,22.4136,36.612,96.0,100.0,129.0,161.0,685.0
2026-05-17 15:38:18,2026-05-17,2026,5,Sunday,30.04073,80.41393333333333,22.4136,36.612,96.0,100.0,129.0,161.0,685.0
2026-05-22 17:27:06,2026-05-22,2026,5,Friday,15.62293,70.42478333333334,13.3092,42.022800000000004,376.0,359.0,129.0,157.0,611.0
2026-05-22 17:27:06,2026-05-22,2026,5,Friday,15.62293,70.42478333333334,13.3092,42.022800000000004,376.0,359.0,129.0,157.0,611.0
2026-05-25 17:00:08,2026-05-25,2026,5,Monday,13.05891,79.39425,9.867600000000001,50.3172,445.0,422.0,128.0,164.0,696.0
2026-05-25 17:00:08,2026-05-25,2026,5,Monday,13.05891,79.39425,9.867600000000001,50.3172,445.0,422.0,128.0,164.0,696.0
2026-05-30 13:01:58,2026-05-30,2026,5,Saturday,46.29399,267.10588333333334,10.4004,44.406000000000006,1056.0,1049.0,118.0,174.0,1694.0
2026-05-30 13:01:58,2026-05-30,2026,5,Saturday,46.29399,267.10588333333334,10.4004,44.406000000000006,1056.0,1049.0,118.0,174.0,1694.0
2026-05-31 09:15:26,2026-05-31,2026,5,Sunday,30.76733,177.12876666666668,10.422,52.47,892.0,842.0,127.0,164.0,1314.0
2026-05-31 09:15:26,2026-05-31,2026,5,Sunday,30.76733,177.12876666666668,10.422,52.47,892.0,842.0,127.0,164.0,1314.0
2026-06-14 08:41:36,2026-06-14,2026,6,Sunday,42.9183,371.95818333333335,6.9228000000000005,48.974399999999996,1952.0,1905.0,131.0,180.0,2788.0
2026-06-14 08:41:36,2026-06-14,2026,6,Sunday,42.9183,371.95818333333335,6.9228000000000005,48.974399999999996,1952.0,1905.0,131.0,180.0,2788.0
2026-06-16 08:35:38,2026-06-16,2026,6,Tuesday,54.04755,328.4483333333334,9.8748,60.965999999999994,2015.0,1935.0,134.0,174.0,2617.0
2026-06-16 08:35:38,2026-06-16,2026,6,Tuesday,54.04755,328.4483333333334,9.8748,60.965999999999994,2015.0,1935.0,134.0,174.0,2617.0
2026-06-17 09:54:13,2026-06-17,2026,6,Wednesday,32.65139,266.5785833333333,7.3476,48.236399999999996,1228.0,1176.0,117.0,164.0,1738.0
2026-06-17 09:54:13,2026-06-17,2026,6,Wednesday,32.65139,266.5785833333333,7.3476,48.236399999999996,1228.0,1176.0,117.0,164.0,1738.0
2026-06-19 09:51:00,2026-06-19,2026,6,Friday,37.056400000000004,248.05946666666665,8.964,48.906000000000006,1201.0,1117.0,121.0,169.0,1723.0
2026-06-19 09:51:00,2026-06-19,2026,6,Friday,37.056400000000004,248.05946666666665,8.964,48.906000000000006,1201.0,1117.0,121.0,169.0,1723.0
2026-06-20 09:53:21,2026-06-20,2026,6,Saturday,44.995239999999995,450.1666666666667,5.9976,52.369200000000006,1888.0,1868.0,122.0,171.0,2958.0
2026-06-20 09:53:21,2026-06-20,2026,6,Saturday,44.995239999999995,450.1666666666667,5.9976,52.369200000000006,1888.0,1868.0,122.0,171.0,2958.0
2026-06-21 16:39:56,2026-06-21,2026,6,Sunday,6.8670100000000005,43.715199999999996,9.4248,30.7692,48.0,36.0,100.0,137.0,174.0
2026-06-21 16:39:56,2026-06-21,2026,6,Sunday,6.8670100000000005,43.715199999999996,9.4248,30.7692,48.0,36.0,100.0,137.0,174.0
2026-06-22 08:46:01,2026-06-22,2026,6,Monday,52.37433,450.52195,6.9768,50.2524,2333.0,2261.0,123.0,177.0,3118.0
2026-06-22 08:46:01,2026-06-22,2026,6,Monday,52.37433,450.52195,6.9768,50.2524,2333.0,2261.0,123.0,177.0,3118.0
2026-06-24 15:45:15,2026-06-24,2026,6,Wednesday,24.59047,118.44396666666667,12.456,50.0148,602.0,568.0,132.0,182.0,1000.0
2026-06-24 15:45:15,2026-06-24,2026,6,Wednesday,24.59047,118.44396666666667,12.456,50.0148,602.0,568.0,132.0,182.0,1000.0
2026-06-25 16:05:47,2026-06-25,2026,6,Thursday,28.27241,147.7427833333333,11.480400000000001,53.442,643.0,583.0,120.0,179.0,1048.0
2026-06-25 16:05:47,2026-06-25,2026,6,Thursday,28.27241,147.7427833333333,11.480400000000001,53.442,643.0,583.0,120.0,179.0,1048.0
2026-06-27 10:43:01,2026-06-27,2026,6,Saturday,45.47427,210.25116666666665,12.978,51.696,1059.0,990.0,123.0,174.0,1600.0
2026-06-27 10:43:01,2026-06-27,2026,6,Saturday,45.47427,210.25116666666665,12.978,51.696,1059.0,990.0,123.0,174.0,1600.0
2026-07-02 17:18:16,2026-07-02,2026,7,Thursday,27.25761,90.00273333333332,18.172800000000002,34.128,133.0,119.0,115.0,157.0,614.0
2026-07-02 17:18:16,2026-07-02,2026,7,Thursday,27.25761,90.00273333333332,18.172800000000002,34.128,133.0,119.0,115.0,157.0,614.0
2026-07-04 13:31:43,2026-07-04,2026,7,Saturday,57.37622,287.68125,11.9664,55.0548,1511.0,1473.0,133.0,174.0,2355.0
2026-07-04 13:31:43,2026-07-04,2026,7,Saturday,57.37622,287.68125,11.9664,55.0548,1511.0,1473.0,133.0,174.0,2355.0
2026-07-10 16:45:51,2026-07-10,2026,7,Friday,29.53931,92.52548333333334,19.1556,29.4588,101.0,94.0,106.0,144.0,502.0
2026-07-10 16:45:51,2026-07-10,2026,7,Friday,29.53931,92.52548333333334,19.1556,29.4588,101.0,94.0,106.0,144.0,502.0
2026-07-18 12:29:36,2026-07-18,2026,7,Saturday,56.64072,306.409,11.0916,47.7648,1302.0,1284.0,118.0,171.0,2111.0
2026-07-18 12:29:36,2026-07-18,2026,7,Saturday,56.64072,306.409,11.0916,47.7648,1302.0,1284.0,118.0,171.0,2111.0
2026-07-19 09:24:13,2026-07-19,2026,7,Sunday,26.74774,108.25985,14.824800000000002,47.9664,603.0,568.0,136.0,176.0,997.0
2026-07-19 09:24:13,2026-07-19,2026,7,Sunday,26.74774,108.25985,14.824800000000002,47.9664,603.0,568.0,136.0,176.0,997.0
2026-07-26 11:59:59,2026-07-26,2026,7,Sunday,39.94636,142.98875,16.761599999999998,31.676399999999997,277.0,247.0,103.0,152.0,638.0
2026-07-26 11:59:59,2026-07-26,2026,7,Sunday,39.94636,142.98875,16.761599999999998,31.676399999999997,277.0,247.0,103.0,152.0,638.0
2026-07-26 15:14:35,2026-07-26,2026,7,Sunday,15.988760000000001,96.04205,9.99,26.4024,133.0,128.0,105.0,144.0,478.0
2026-07-26 15:14:35,2026-07-26,2026,7,Sunday,15.988760000000001,96.04205,9.99,26.4024,133.0,128.0,105.0,144.0,478.0
2026-07-30 14:54:04,2026-07-30,2026,7,Thursday,50.940599999999996,233.39511666666667,13.0968,56.4336,959.0,932.0,128.0,176.0,1702.0
2026-07-30 14:54:04,2026-07-30,2026,7,Thursday,50.940599999999996,233.39511666666667,13.0968,56.4336,959.0,932.0,128.0,176.0,1702.0
2026-07-31 15:37:45,2026-07-31,2026,7,Friday,29.06768,145.91691666666665,11.952,47.7,762.0,727.0,148.0,175.0,1473.0
2026-07-31 15:37:45,2026-07-31,2026,7,Friday,29.06768,145.91691666666665,11.952,47.7,762.0,727.0,148.0,175.0,1473.0
2026-08-01 12:29:42,2026-08-01,2026,8,Saturday,46.19271,224.86676666666665,12.3264,37.4544,992.0,956.0,121.0,168.0,1501.0
2026-08-01 12:29:42,2026-08-01,2026,8,Saturday,46.19271,224.86676666666665,12.3264,37.4544,992.0,956.0,121.0,168.0,1501.0
2026-08-03 15:30:05,2026-08-03,2026,8,Monday,34.63918,185.46383333333333,11.2068,42.49080000000001,863.0,813.0,127.0,173.0,1330.0
2026-08-03 15:30:05,2026-08-03,2026,8,Monday,34.63918,185.46383333333333,11.2068,42.49080000000001,863.0,813.0,127.0,173.0,1330.0
2026-08-04 16:39:53,2026-08-04,2026,8,Tuesday,13.470889999999999,62.73218333333333,12.884400000000001,48.135600000000004,308.0,297.0,122.0,168.0,465.0
2026-08-04 16:39:53,2026-08-04,2026,8,Tuesday,13.470889999999999,62.73218333333333,12.884400000000001,48.135600000000004,308.0,297.0,122.0,168.0,465.0
2026-08-08 10:12:35,2026-08-08,2026,8,Saturday,47.033550000000005,321.7891333333334,8.7696,48.1032,1385.0,1310.0,116.0,170.0,1976.0
2026-08-08 10:12:35,2026-08-08,2026,8,Saturday,47.033550000000005,321.7891333333334,8.7696,48.1032,1385.0,1310.0,116.0,170.0,1976.0
2026-08-10 16:52:40,2026-08-10,2026,8,Monday,24.2419,111.90185,12.999600000000001,51.159600000000005,683.0,677.0,155.0,180.0,1239.0
2026-08-10 16:52:40,2026-08-10,2026,8,Monday,24.2419,111.90185,12.999600000000001,51.159600000000005,683.0,677.0,155.0,180.0,1239.0
2026-08-14 15:42:48,2026-08-14,2026,8,Friday,13.920290000000001,107.28888333333333,7.7832,46.656000000000006,385.0,348.0,113.0,162.0,651.0
2026-08-14 15:42:48,2026-08-14,2026,8,Friday,13.920290000000001,107.28888333333333,7.7832,46.656000000000006,385.0,348.0,113.0,162.0,651.0
2026-08-15 08:24:19,2026-08-15,2026,8,Saturday,52.47638,317.5693,9.9144,46.1196,1965.0,1729.0,127.0,178.0,2354.0
2026-08-15 08:24:19,2026-08-15,2026,8,Saturday,52.47638,317.5693,9.9144,46.1196,1965.0,1729.0,127.0,178.0,2354.0
2026-08-16 09:49:17,2026-08-16,2026,8,Sunday,20.29787,184.64516666666665,6.5952,47.498400000000004,996.0,928.0,109.0,174.0,1050.0
2026-08-16 09:49:17,2026-08-16,2026,8,Sunday,20.29787,184.64516666666665,6.5952,47.498400000000004,996.0,928.0,109.0,174.0,1050.0
2026-08-18 15:23:49,2026-08-18,2026,8,Tuesday,54.647760000000005,156.94191666666666,20.8908,34.902,205.0,194.0,139.0,177.0,1390.0
2026-08-18 15:23:49,2026-08-18,2026,8,Tuesday,54.647760000000005,156.94191666666666,20.8908,34.902,205.0,194.0,139.0,177.0,1390.0
2026-08-23 11:12:53,2026-08-23,2026,8,Sunday,44.111290000000004,272.34251666666665,9.7164,39.031200000000005,1281.0,1276.0,125.0,176.0,1980.0
2026-08-23 11:12:53,2026-08-23,2026,8,Sunday,44.111290000000004,272.34251666666665,9.7164,39.031200000000005,1281.0,1276.0,125.0,176.0,1980.0
2026-08-24 15:25:10,2026-08-24,2026,8,Monday,27.84198,133.60223333333334,12.5028,44.1036,634.0,589.0,131.0,180.0,1039.0
2026-08-24 15:25:10,2026-08-24,2026,8,Monday,27.84198,133.60223333333334,12.5028,44.1036,634.0,589.0,131.0,180.0,1039.0
2026-08-25 15:30:45,2026-08-25,2026,8,Tuesday,31.55878,152.87721666666667,12.387599999999999,43.196400000000004,689.0,669.0,131.0,180.0,1191.0
2026-08-25 15:30:45,2026-08-25,2026,8,Tuesday,31.55878,152.87721666666667,12.387599999999999,43.196400000000004,689.0,669.0,131.0,180.0,1191.0
2026-08-26 15:43:07,2026-08-26,2026,8,Wednesday,34.91599,152.58586666666667,13.730400000000001,39.571200000000005,582.0,582.0,120.0,166.0,1043.0
2026-08-26 15:43:07,2026-08-26,2026,8,Wednesday,34.91599,152.58586666666667,13.730400000000001,39.571200000000005,582.0,582.0,120.0,166.0,1043.0
2026-08-28 15:18:37,2026-08-28,2026,8,Friday,34.135529999999996,171.02671666666666,11.9772,44.74080000000001,724.0,678.0,128.0,181.0,1249.0
2026-08-28 15:18:37,2026-08-28,2026,8,Friday,34.135529999999996,171.02671666666666,11.9772,44.74080000000001,724.0,678.0,128.0,181.0,1249.0
2026-08-29 11:52:56,2026-08-29,2026,8,Saturday,46.546339999999994,216.83489999999998,12.880799999999999,53.5428,918.0,898.0,109.0,163.0,1236.0
2026-08-29 11:52:56,2026-08-29,2026,8,Saturday,46.546339999999994,216.83489999999998,12.880799999999999,53.5428,918.0,898.0,109.0,163.0,1236.0
